"C1","C2","C3","Res"
0,0,0,797
0,0,0,815
0,0,0,703
0,0,0,733
0,0,0,860.942476056172
0,0,0,966.948704389212
0,0,0,842.319760267936
0,0,0,840.887243668841
0,0,0,773.55896351137
0,0,0,848
0,0,0,872
0,0,0,888
0,0,0,749
0,0,0,909
0,0,0,767.828897114989
0,0,0,806.506845290558
0,0,0,774.991480110465
0,0,0,795.046712497797
0,0,0,697.635583759328
0.025,0,0,719
0.025,0,0,806
0.025,0,0,776
0.025,0,0,771
0.025,0,0,655
0.05,0,0,645
0.05,0,0,771
0.05,0,0,729
0.05,0,0,787
0.05,0,0,892
0.1,0,0,736
0.1,0,0,697
0.1,0,0,718
0.1,0,0,731
0.1,0,0,488
0.2,0,0,81
0.2,0,0,71
0.2,0,0,77
0.2,0,0,113
0.2,0,0,61
0.4,0,0,7
0.4,0,0,14
0.4,0,0,0
0.4,0,0,25
0.4,0,0,3
0,0.25,0,915.378106821787
0,0.25,0,1035.70950114578
0,0.25,0,1011.35671896116
0,0.25,0,888.16029143898
0,0.25,0,992.734003172924
0,0.5,0,1019.95181855573
0,0.5,0,832.29214407427
0,0.5,0,1243.42440801457
0,0.5,0,968.381220988307
0,0.5,0,1027.11440155121
0,1,0,1040.00705094306
0,1,0,805.074328691462
0,1,0,968.381220988307
0,1,0,872.402608848934
0,1,0,873.835125448029
0,2,0,882.430225042599
0,2,0,853.779893060697
0,2,0,872.402608848934
0,2,0,870.970092249838
0,2,0,948.325988600975
0,4,0,886.727774839885
0,4,0,826.562077677889
0,4,0,1187.55626064986
0,4,0,935.433339209119
0,4,0,952.623538398261
0,0,0.075,762.098830718609
0,0,0.075,946.89347200188
0,0,0.075,1028.5469181503
0,0,0.075,677.580351371996
0,0,0.075,836.589693871555
0,0,0.15,1011.35671896116
0,0,0.15,908.215523826312
0,0,0.15,858.077442857982
0,0,0.15,1055.76473353311
0,0,0.15,934.000822610024
0,0,0.3,756.368764322228
0,0,0.3,782.154063105941
0,0,0.3,753.503731124038
0,0,0.3,760.666314119514
0,0,0.3,889.592808038075
0,0,0.6,345.236500381926
0,0,0.6,471.297961102297
0,0,0.6,461.270344908632
0,0,0.6,391.07703155297
0,0,0.6,332.34385099007
0,0,1.2,117.466361125801
0,0,1.2,22.9202655855221
0,0,1.2,78.7884129502321
0,0,1.2,21.4877489864269
0,0,1.2,91.6810623420883
0.00625,0.1875,0,544
0.00625,0.1875,0,764
0.00625,0.1875,0,655
0.00625,0.1875,0,838
0.00625,0.1875,0,737
0.0125,0.375,0,760
0.0125,0.375,0,677
0.0125,0.375,0,801
0.0125,0.375,0,748
0.0125,0.375,0,685
0.025,0.75,0,786
0.025,0.75,0,914
0.025,0.75,0,719
0.025,0.75,0,705
0.025,0.75,0,721
0.05,1.5,0,695
0.05,1.5,0,539
0.05,1.5,0,635
0.05,1.5,0,664
0.05,1.5,0,826
0.1,3,0,434
0.1,3,0,390
0.1,3,0,368
0.1,3,0,288
0.1,3,0,341
0.00625,0,0.05625,741
0.00625,0,0.05625,707
0.00625,0,0.05625,775
0.00625,0,0.05625,829
0.00625,0,0.05625,840
0.0125,0,0.1125,629
0.0125,0,0.1125,755
0.0125,0,0.1125,727
0.0125,0,0.1125,748
0.0125,0,0.1125,762
0.025,0,0.225,525
0.025,0,0.225,540
0.025,0,0.225,686
0.025,0,0.225,616
0.025,0,0.225,706
0.05,0,0.45,363
0.05,0,0.45,324
0.05,0,0.45,474
0.05,0,0.45,468
0.05,0,0.45,422
0.1,0,0.9,55
0.1,0,0.9,32
0.1,0,0.9,51
0.1,0,0.9,33
0.1,0,0.9,108
0,0.0625,0.05625,901.052940830836
0,0.0625,0.05625,1047.16963393854
0,0.0625,0.05625,962.651154591927
0,0.0625,0.05625,1322.2128209648
0,0.0625,0.05625,965.516187790117
0,0.125,0.1125,929.703272812739
0,0.125,0.1125,901.052940830836
0,0.125,0.1125,931.135789411834
0,0.125,0.1125,817.966978083319
0,0.125,0.1125,1008.49168576297
0,0.25,0.225,802.209295493272
0,0.25,0.225,754.936247723133
0,0.25,0.225,965.516187790117
0,0.25,0.225,919.675656619073
0,0.25,0.225,815.101944885128
0,0.5,0.45,479.893060696868
0,0.5,0.45,449.810212115871
0,0.5,0.45,343.803983782831
0,0.5,0.45,332.34385099007
0,0.5,0.45,491.353193489629
0,1,0.9,157.576825900464
0,1,0.9,183.362124684177
0,1,0.9,97.4111287384688
0,1,0.9,126.061460720371
0,1,0.9,163.306892296845
0.01875,0.0625,0,546
0.01875,0.0625,0,661
0.01875,0.0625,0,613
0.01875,0.0625,0,455
0.01875,0.0625,0,612
0.0375,0.125,0,498
0.0375,0.125,0,522
0.0375,0.125,0,679
0.0375,0.125,0,536
0.0375,0.125,0,601
0.075,0.25,0,647
0.075,0.25,0,769
0.075,0.25,0,581
0.075,0.25,0,635
0.075,0.25,0,598
0.15,0.5,0,89
0.15,0.5,0,106
0.15,0.5,0,158
0.15,0.5,0,101
0.15,0.5,0,135
0.3,1,0,5
0.3,1,0,5
0.3,1,0,35
0.3,1,0,5
0.3,1,0,28
0.01875,0,0.01875,745
0.01875,0,0.01875,602
0.01875,0,0.01875,585
0.01875,0,0.01875,521
0.01875,0,0.01875,687
0.0375,0,0.0375,496
0.0375,0,0.0375,442
0.0375,0,0.0375,692
0.0375,0,0.0375,689
0.0375,0,0.0375,709
0.075,0,0.075,721
0.075,0,0.075,563
0.075,0,0.075,520
0.075,0,0.075,544
0.075,0,0.075,592
0.15,0,0.15,154
0.15,0,0.15,166
0.15,0,0.15,310
0.15,0,0.15,169
0.15,0,0.15,190
0.3,0,0.3,0
0.3,0,0.3,11
0.3,0,0.3,11
0.3,0,0.3,2
0.3,0,0.3,6
0,0.1875,0.01875,674.715318173806
0,0.1875,0.01875,848.049826664316
0,0.1875,0.01875,883.862741641695
0,0.1875,0.01875,945.460955402785
0,0.1875,0.01875,756.368764322228
0,0.375,0.0375,743.476114930372
0,0.375,0.0375,541.491274457959
0,0.375,0.0375,816.534461484224
0,0.375,0.0375,883.862741641695
0,0.375,0.0375,782.154063105941
0,0.75,0.075,873.835125448029
0,0.75,0.075,838.022210470651
0,0.75,0.075,779.28902990775
0,0.75,0.075,875.267642047124
0,0.75,0.075,729.150948939421
0,1.5,0.15,710.528233151184
0,1.5,0.15,704.798166754804
0,1.5,0.15,598.791938421764
0,1.5,0.15,641.767436394618
0,1.5,0.15,667.55273517833
0,3,0.3,136.089076914037
0,3,0.3,265.015570832599
0,3,0.3,330.911334390975
0,3,0.3,181.929608085081
0,3,0.3,151.846759504084
0.0125,0.125,0,639
0.0125,0.125,0,648
0.0125,0.125,0,567
0.0125,0.125,0,808
0.0125,0.125,0,651
0.025,0.25,0,658
0.025,0.25,0,555
0.025,0.25,0,689
0.025,0.25,0,506
0.025,0.25,0,638
0.05,0.5,0,676
0.05,0.5,0,728
0.05,0.5,0,519
0.05,0.5,0,646
0.05,0.5,0,544
0.1,1,0,643
0.1,1,0,514
0.1,1,0,551
0.1,1,0,335
0.1,1,0,526
0.2,2,0,14
0.2,2,0,35
0.2,2,0,28
0.2,2,0,25
0.2,2,0,23
0.0125,0,0.0375,632
0.0125,0,0.0375,632
0.0125,0,0.0375,595
0.0125,0,0.0375,567
0.0125,0,0.0375,398
0.025,0,0.075,594
0.025,0,0.075,575
0.025,0,0.075,710
0.025,0,0.075,654
0.025,0,0.075,540
0.05,0,0.15,610
0.05,0,0.15,606
0.05,0,0.15,650
0.05,0,0.15,648
0.05,0,0.15,546
0.1,0,0.3,237
0.1,0,0.3,305
0.1,0,0.3,209
0.1,0,0.3,288
0.1,0,0.3,162
0.2,0,0.6,71
0.2,0,0.6,57
0.2,0,0.6,58
0.2,0,0.6,62
0.2,0,0.6,22
0,0.125,0.0375,726.28591574123
0,0.125,0.0375,779.28902990775
0,0.125,0.0375,838.022210470651
0,0.125,0.0375,750.638697925848
0,0.125,0.0375,752.071214524943
0,0.25,0.075,700.500616957518
0,0.25,0.075,863.807509254363
0,0.25,0.075,915.378106821787
0,0.25,0.075,684.742934367472
0,0.25,0.075,790.749162700511
0,0.5,0.15,795.046712497797
0,0.5,0.15,681.877901169281
0,0.5,0.15,633.172336800047
0,0.5,0.15,803.641812092367
0,0.5,0.15,542.923791057054
0,1,0.3,366.724249368353
0,1,0.3,368.156765967448
0,1,0.3,363.859216170163
0,1,0.3,439.782595922205
0,1,0.3,409.699747341207
0,2,0.6,219.175039661555
0,2,0.6,186.227157882367
0,2,0.6,210.579940066984
0,2,0.6,160.441859098654
0,2,0.6,191.957224278747
0.00825,0.0825,0.02475,761
0.00825,0.0825,0.02475,826
0.00825,0.0825,0.02475,717
0.00825,0.0825,0.02475,874
0.00825,0.0825,0.02475,630
0.0165,0.165,0.0495,644
0.0165,0.165,0.0495,637
0.0165,0.165,0.0495,750
0.0165,0.165,0.0495,646
0.0165,0.165,0.0495,944
0.033,0.33,0.099,691
0.033,0.33,0.099,534
0.033,0.33,0.099,665
0.033,0.33,0.099,700
0.033,0.33,0.099,395
0.066,0.66,0.198,400
0.066,0.66,0.198,525
0.066,0.66,0.198,524
0.066,0.66,0.198,439
0.066,0.66,0.198,570
0.132,1.32,0.396,160
0.132,1.32,0.396,61
0.132,1.32,0.396,83
0.132,1.32,0.396,153
0.132,1.32,0.396,80
0.015,0.05,0.015,713
0.015,0.05,0.015,753
0.015,0.05,0.015,698
0.015,0.05,0.015,817
0.015,0.05,0.015,819
0.03,0.1,0.03,670
0.03,0.1,0.03,626
0.03,0.1,0.03,755
0.03,0.1,0.03,680
0.03,0.1,0.03,729
0.06,0.2,0.06,759
0.06,0.2,0.06,711
0.06,0.2,0.06,750
0.06,0.2,0.06,817
0.06,0.2,0.06,849
0.12,0.4,0.12,404
0.12,0.4,0.12,482
0.12,0.4,0.12,532
0.12,0.4,0.12,381
0.12,0.4,0.12,466
0.24,0.8,0.24,3
0.24,0.8,0.24,4
0.24,0.8,0.24,0
0.24,0.8,0.24,0
0.24,0.8,0.24,5
0.005,0.15,0.015,731
0.005,0.15,0.015,781
0.005,0.15,0.015,830
0.005,0.15,0.015,575
0.005,0.15,0.015,739
0.01,0.3,0.03,639
0.01,0.3,0.03,513
0.01,0.3,0.03,599
0.01,0.3,0.03,777
0.01,0.3,0.03,730
0.02,0.6,0.06,916
0.02,0.6,0.06,919
0.02,0.6,0.06,621
0.02,0.6,0.06,717
0.02,0.6,0.06,714
0.04,1.2,0.12,700
0.04,1.2,0.12,814
0.04,1.2,0.12,606
0.04,1.2,0.12,743
0.04,1.2,0.12,771
0.08,2.4,0.24,328
0.08,2.4,0.24,535
0.08,2.4,0.24,385
0.08,2.4,0.24,516
0.08,2.4,0.24,457
0.005,0.05,0.045,606
0.005,0.05,0.045,714
0.005,0.05,0.045,739
0.005,0.05,0.045,743
0.005,0.05,0.045,738
0.01,0.1,0.09,771
0.01,0.1,0.09,633
0.01,0.1,0.09,637
0.01,0.1,0.09,655
0.01,0.1,0.09,736
0.02,0.2,0.18,627
0.02,0.2,0.18,518
0.02,0.2,0.18,510
0.02,0.2,0.18,575
0.02,0.2,0.18,720
0.04,0.4,0.36,368
0.04,0.4,0.36,401
0.04,0.4,0.36,305
0.04,0.4,0.36,497
0.04,0.4,0.36,354
0.08,0.8,0.72,269
0.08,0.8,0.72,139
0.08,0.8,0.72,113
0.08,0.8,0.72,205
0.08,0.8,0.72,248
